{
  "name": "bulk-write",
  "success": true,
  "duration_secs": 600.6782603263855,
  "metrics": {
    "throughput": {
      "events_per_sec": 878.6933333333334,
      "mb_per_sec": 0.0837041044444058,
      "bytes_total": 52721600
    },
    "latency": {
      "p50_ms": 10.130342999900677,
      "p95_ms": 23.270240999863745,
      "p99_ms": 33.64513400015312,
      "min_ms": 0.0,
      "max_ms": 0.0
    },
    "cpu": {
      "avg_percent": 0.0,
      "peak_percent": 0.0
    },
    "errors": 0,
    "error_rate": 0.0,
    "details": {}
  },
  "timeline": [],
  "error_messages": []
}