{"uptime_secs":2562.834448264,"writes":{"total":73474851,"bytes_total":3742273125,"rate_per_sec":28669.370762426744,"avg_latency_us":16.981992940686602},"reads":{"total":0,"records_total":0,"rate_per_sec":0.0,"avg_latency_us":0.0},"errors_total":0}